<?xml version="1.0" encoding="UTF-8"?>
<beans xmlns="http://www.springframework.org/schema/beans"
	xmlns:xsi="http://www.w3.org/2001/XMLSchema-instance" xmlns:p="http://www.springframework.org/schema/p"
	xmlns:dubbo="http://code.alibabatech.com/schema/dubbo"
	xsi:schemaLocation="http://www.springframework.org/schema/beans http://www.springframework.org/schema/beans/spring-beans-3.1.xsd
    http://code.alibabatech.com/schema/dubbo
    http://code.alibabatech.com/schema/dubbo/dubbo.xsd">

	<!-- 提供方应用信息，用于计算依赖关系 -->
	<dubbo:application name="test_provider" />

	<!-- 使用zookeeper注册中心暴露服务地址 -->
	<!-- 消费者端不用声明ip通过zookeeper分配服务 -->
	<dubbo:registry address="zookeeper://127.0.0.1:2181" />
	<!-- 用dubbo协议在zookeeper暴露服务 -->
	<dubbo:protocol name="dubbo" />

	<!-- 消费者端声明url点对点调用 -->
	<!-- 用dubbo协议在2000端口暴露服务 -->
	<!-- <dubbo:registry address="N/A" protocol="zookeeper" /> -->
	<!-- <dubbo:protocol name="dubbo" port="2000" /> -->
	<!-- 给提供者添加组客户端group必须一样 -->
	<dubbo:provider retries="0" threads="100" timeout="40000"
		loadbalance="random" group="testGroup" />

	<!-- 声明需要暴露的服务接口 -->
	<dubbo:service interface="com.lcd.api.TestService" ref="testService" />
	<!-- 具体的实现bean -->
	<bean id="testService" class="com.lcd.service.TestServiceImpl" />
</beans>