<?xml version="1.0" encoding="UTF-8"?>
<beans xmlns="http://www.springframework.org/schema/beans" xmlns:xsi="http://www.w3.org/2001/XMLSchema-instance"
	xmlns:context="http://www.springframework.org/schema/context" xmlns:oxm="http://www.springframework.org/schema/oxm"
	xsi:schemaLocation="http://www.springframework.org/schema/oxm http://www.springframework.org/schema/oxm/spring-oxm-3.2.xsd
		http://www.springframework.org/schema/beans http://www.springframework.org/schema/beans/spring-beans.xsd
		http://www.springframework.org/schema/context http://www.springframework.org/schema/context/spring-context-3.2.xsd">
	
	<bean id="configureHolder" class="org.springframework.beans.factory.config.PropertyPlaceholderConfigurer">
		<property name="locations">  
           <list>             
              <value>classpath:mq-config.properties</value>         
            </list>  
        </property>  
	</bean>	
	
	<bean id="mqConnectionFactory" class="org.apache.activemq.spring.ActiveMQConnectionFactory">		
		<property name="brokerURL" value="${activemq.connection.brokerURL}"></property>		
		<property name="userName" value="${activemq.connection.userName}"></property>		
		<property name="password" value="${activemq.connection.password}"></property>		
	</bean>
	
	<bean id="mqPooledConnectionFactory" class="org.apache.activemq.pool.PooledConnectionFactory" destroy-method="stop">
		<property name="connectionFactory" ref="mqConnectionFactory">   
		</property>		
		<property name="maxConnections" value="100"></property>
	</bean>
	
		
	<bean id="exampleQueue" class="org.apache.activemq.command.ActiveMQQueue">
		<constructor-arg index="0" value="${activemq.queue.example}"></constructor-arg>
	</bean>
	
	<bean id="jmsTemplate" class="org.springframework.jms.core.JmsTemplate">
		<property name="connectionFactory" ref="mqPooledConnectionFactory"></property>
		<property name="defaultDestination" ref="exampleQueue"></property>
	</bean>
	
</beans>
